<?xml version="1.0" encoding="UTF-8"?>
<project-private xmlns="http://www.netbeans.org/ns/project-private/1">
    <editor-bookmarks xmlns="http://www.netbeans.org/ns/editor-bookmarks/2" lastBookmarkId="0"/>
    <open-files xmlns="http://www.netbeans.org/ns/projectui-open-files/2">
        <group>
            <file>file:/C:/Users/Eduardo/Downloads/Lab.-Desenv.-Software-main/Lab.-Desenv.-Software-main/bdaula01/src/dao/PessoaDAO.java</file>
            <file>file:/C:/Users/Eduardo/Downloads/Lab.-Desenv.-Software-main/Lab.-Desenv.-Software-main/bdaula01/src/Conexao/JavaBD01.java</file>
            <file>file:/C:/Users/Eduardo/Downloads/Lab.-Desenv.-Software-main/Lab.-Desenv.-Software-main/bdaula01/src/Conexao/Conexao.java</file>
            <file>file:/C:/Users/Eduardo/Downloads/Lab.-Desenv.-Software-main/Lab.-Desenv.-Software-main/bdaula01/src/beans/Pessoa.java</file>
            <file>file:/C:/Users/Eduardo/Downloads/Lab.-Desenv.-Software-main/Lab.-Desenv.-Software-main/bdaula01/src/bdaula01/Bdaula01.java</file>
            <file>file:/C:/Users/Eduardo/Downloads/Lab.-Desenv.-Software-main/Lab.-Desenv.-Software-main/bdaula01/src/bdaula01/CadastraPessoaNoBanco.java</file>
        </group>
    </open-files>
</project-private>
