<?xml version="1.0" encoding="UTF-8"?>

<!-- generated on 2024-10-01 10:09:51.351771 by osmWebWizard.py v1_20_0+0002-343658e7c64
<configuration>
    <net-file value="C:\Users\laboratorio\Sumo\2024-10-01-10-09-44\osm.net.xml.gz"/>
    <output-trip-file value="C:\Users\laboratorio\Sumo\2024-10-01-10-09-44\osm.passenger.trips.xml"/>
    <route-file value="C:\Users\laboratorio\Sumo\2024-10-01-10-09-44\osm.passenger.rou.xml"/>
    <prefix value="veh"/>
    <trip-attributes value="departLane=&quot;best&quot;"/>
    <fringe-start-attributes value="departSpeed=&quot;max&quot;"/>
    <vehicle-class value="passenger"/>
    <lanes value="True"/>
    <fringe-factor value="5"/>
    <allow-fringe.min-length value="1000.0"/>
    <via-edge-types value="highway.motorway,highway.motorway_link,highway.trunk_link,highway.primary_link,highway.secondary_link,highway.tertiary_link"/>
    <min-distance value="300.0"/>
    <min-distance.fringe value="10.0"/>
    <remove-loops value="True"/>
    <validate value="True"/>
    <insertion-density value="12.0"/>
</configuration>
-->

<!-- generated on 2024-10-01 10:09:51 by Eclipse SUMO duarouter Version 1.20.0
<configuration xmlns:xsi="http://www.w3.org/2001/XMLSchema-instance" xsi:noNamespaceSchemaLocation="http://sumo.dlr.de/xsd/duarouterConfiguration.xsd">

    <input>
        <net-file value="C:\Users\laboratorio\Sumo\2024-10-01-10-09-44\osm.net.xml.gz"/>
        <route-files value="C:\Users\laboratorio\Sumo\2024-10-01-10-09-44\osm.passenger.trips.xml"/>
    </input>

    <output>
        <output-file value="C:\Users\laboratorio\Sumo\2024-10-01-10-09-44\osm.passenger.trips.xml.tmp"/>
        <alternatives-output value="NUL"/>
        <write-trips value="true"/>
    </output>

    <processing>
        <remove-loops value="true"/>
    </processing>

    <time>
        <begin value="0.0"/>
        <end value="3600.0"/>
    </time>

    <report>
        <no-warnings value="true"/>
        <ignore-errors value="true"/>
        <no-step-log value="true"/>
    </report>

</configuration>
-->

<routes xmlns:xsi="http://www.w3.org/2001/XMLSchema-instance" xsi:noNamespaceSchemaLocation="http://sumo.dlr.de/xsd/routes_file.xsd">
    <vType id="veh_passenger" vClass="passenger"/>
    <trip id="veh0" type="veh_passenger" depart="0.00" departLane="best" from="341783023#4" to="-193026213#0"/>
    <trip id="veh1" type="veh_passenger" depart="10.24" departLane="best" from="-406078191#1" to="-396378812#1"/>
    <trip id="veh2" type="veh_passenger" depart="20.49" departLane="best" from="377044936#0" to="360051162"/>
    <trip id="veh3" type="veh_passenger" depart="30.73" departLane="best" from="377045469#1" to="194491990"/>
    <trip id="veh4" type="veh_passenger" depart="40.97" departLane="best" from="193026218#0" to="-377045470#3"/>
    <trip id="veh5" type="veh_passenger" depart="51.21" departLane="best" from="344153341" to="231958642#2"/>
    <trip id="veh6" type="veh_passenger" depart="61.46" departLane="best" from="-377045470#0" to="253047825#6"/>
    <trip id="veh7" type="veh_passenger" depart="71.70" departLane="best" from="406069597#0" to="-193026210#2"/>
    <trip id="veh8" type="veh_passenger" depart="81.94" departLane="best" from="-194484093" to="368091925"/>
    <trip id="veh9" type="veh_passenger" depart="92.18" departLane="best" from="-754719368#4" to="344153354#0"/>
    <trip id="veh10" type="veh_passenger" depart="102.43" departLane="best" from="754719368#0" to="1026172922"/>
    <trip id="veh11" type="veh_passenger" depart="112.67" departLane="best" departSpeed="max" from="-193133879#1" to="-239630752"/>
    <trip id="veh12" type="veh_passenger" depart="122.91" departLane="best" from="465064352#0" to="-258524194#1"/>
    <trip id="veh13" type="veh_passenger" depart="133.16" departLane="best" from="406069597#0" to="377045468"/>
    <trip id="veh14" type="veh_passenger" depart="143.40" departLane="best" from="231958647#0" to="754719369#1"/>
    <trip id="veh15" type="veh_passenger" depart="153.64" departLane="best" from="1026172923" to="232064218#0"/>
    <trip id="veh16" type="veh_passenger" depart="163.88" departLane="best" from="-344153356#0" to="239921367#3"/>
    <trip id="veh17" type="veh_passenger" depart="174.13" departLane="best" from="387154803#0" to="-50783249#1"/>
    <trip id="veh18" type="veh_passenger" depart="184.37" departLane="best" departSpeed="max" from="-193132131#2" to="396388565"/>
    <trip id="veh19" type="veh_passenger" depart="194.61" departLane="best" from="-193406092#2" to="468896810"/>
    <trip id="veh20" type="veh_passenger" depart="204.85" departLane="best" from="341783023#0" to="193026211#0"/>
    <trip id="veh21" type="veh_passenger" depart="215.10" departLane="best" from="-406078188" to="547090203#0"/>
    <trip id="veh22" type="veh_passenger" depart="225.34" departLane="best" from="344153331" to="274631584#0"/>
    <trip id="veh23" type="veh_passenger" depart="235.58" departLane="best" from="-341783023#1" to="-377044936#2"/>
    <trip id="veh24" type="veh_passenger" depart="245.82" departLane="best" departSpeed="max" from="980735081#0" to="341783023#1"/>
    <trip id="veh25" type="veh_passenger" depart="256.07" departLane="best" from="232064218#2" to="362635565#2"/>
    <trip id="veh26" type="veh_passenger" depart="266.31" departLane="best" from="458140049#0" to="396378814"/>
    <trip id="veh27" type="veh_passenger" depart="276.55" departLane="best" from="-387154803#1" to="-193026217#0"/>
    <trip id="veh28" type="veh_passenger" depart="286.80" departLane="best" departSpeed="max" from="-50676756" to="-424816480"/>
    <trip id="veh29" type="veh_passenger" depart="297.04" departLane="best" from="377044936#0" to="547090203#1"/>
    <trip id="veh30" type="veh_passenger" depart="307.28" departLane="best" from="499724240" to="-990433207"/>
    <trip id="veh31" type="veh_passenger" depart="317.52" departLane="best" departSpeed="max" from="344153349" to="193026220#1"/>
    <trip id="veh33" type="veh_passenger" depart="338.01" departLane="best" from="232064218#3" to="-424816479"/>
    <trip id="veh35" type="veh_passenger" depart="358.49" departLane="best" departSpeed="max" from="193026212#0" to="396378809#3"/>
    <trip id="veh36" type="veh_passenger" depart="368.74" departLane="best" departSpeed="max" from="-193133879#1" to="-193026224#0"/>
    <trip id="veh37" type="veh_passenger" depart="378.98" departLane="best" departSpeed="max" from="-194491990" to="330750483#3"/>
    <trip id="veh38" type="veh_passenger" depart="389.22" departLane="best" from="-396388565" to="193030337#1"/>
    <trip id="veh39" type="veh_passenger" depart="399.47" departLane="best" departSpeed="max" from="-193030337#1" to="193026217#1"/>
    <trip id="veh40" type="veh_passenger" depart="409.71" departLane="best" from="988151399#0" to="231958642#0"/>
    <trip id="veh41" type="veh_passenger" depart="419.95" departLane="best" from="-869553258#1" to="474821610"/>
    <trip id="veh42" type="veh_passenger" depart="430.19" departLane="best" from="-396378803#1" to="-377044933#0"/>
    <trip id="veh43" type="veh_passenger" depart="440.44" departLane="best" from="358563419#0" to="231958647#0"/>
    <trip id="veh44" type="veh_passenger" depart="450.68" departLane="best" from="-406078188" to="341783023#4"/>
    <trip id="veh45" type="veh_passenger" depart="460.92" departLane="best" departSpeed="max" from="-194491997" to="-193132128#1"/>
    <trip id="veh46" type="veh_passenger" depart="471.16" departLane="best" from="193132126" to="556516580#0"/>
    <trip id="veh47" type="veh_passenger" depart="481.41" departLane="best" from="-499724240" to="-424816480"/>
    <trip id="veh48" type="veh_passenger" depart="491.65" departLane="best" from="199421786" to="-377043811"/>
    <trip id="veh49" type="veh_passenger" depart="501.89" departLane="best" from="50783248" to="499162427"/>
    <trip id="veh50" type="veh_passenger" depart="512.13" departLane="best" from="-470016257" to="341783023#1"/>
    <trip id="veh51" type="veh_passenger" depart="522.38" departLane="best" from="274631585#1" to="-344153333"/>
    <trip id="veh52" type="veh_passenger" depart="532.62" departLane="best" from="396378807#1" to="232064217#0"/>
    <trip id="veh53" type="veh_passenger" depart="542.86" departLane="best" from="396378811#0" to="231958642#0"/>
    <trip id="veh54" type="veh_passenger" depart="553.11" departLane="best" from="193026206#0" to="1026172919"/>
    <trip id="veh55" type="veh_passenger" depart="563.35" departLane="best" from="-193026214#0" to="50783249#7"/>
    <trip id="veh56" type="veh_passenger" depart="573.59" departLane="best" from="50013146#0" to="458003900"/>
    <trip id="veh57" type="veh_passenger" depart="583.83" departLane="best" from="-499724240" to="-193026225#0"/>
    <trip id="veh58" type="veh_passenger" depart="594.08" departLane="best" from="50013146#0" to="554554486#0"/>
    <trip id="veh59" type="veh_passenger" depart="604.32" departLane="best" from="-193132133" to="-396388582"/>
    <trip id="veh60" type="veh_passenger" depart="614.56" departLane="best" departSpeed="max" from="-193030337#1" to="396378809#2"/>
    <trip id="veh61" type="veh_passenger" depart="624.80" departLane="best" from="-396378808#2" to="-330750483#0"/>
    <trip id="veh63" type="veh_passenger" depart="645.29" departLane="best" from="-406069597#1" to="499162428"/>
    <trip id="veh64" type="veh_passenger" depart="655.53" departLane="best" from="-193026218#2" to="-396378808#1"/>
    <trip id="veh65" type="veh_passenger" depart="665.78" departLane="best" from="232064217#0" to="377045468"/>
    <trip id="veh66" type="veh_passenger" depart="676.02" departLane="best" from="364699454#2" to="-869553258#1"/>
    <trip id="veh67" type="veh_passenger" depart="686.26" departLane="best" from="986774344#0" to="344153331"/>
    <trip id="veh68" type="veh_passenger" depart="696.50" departLane="best" from="193026224#4" to="204414168"/>
    <trip id="veh69" type="veh_passenger" depart="706.75" departLane="best" from="231295695#0" to="-396378812#2"/>
    <trip id="veh70" type="veh_passenger" depart="716.99" departLane="best" from="754719368#2" to="253047825#5"/>
    <trip id="veh71" type="veh_passenger" depart="727.23" departLane="best" from="-193132123#0" to="330750483#6"/>
    <trip id="veh72" type="veh_passenger" depart="737.47" departLane="best" from="387154803#1" to="50676753#0"/>
    <trip id="veh73" type="veh_passenger" depart="747.72" departLane="best" from="-396378808#1" to="358563419#0"/>
    <trip id="veh74" type="veh_passenger" depart="757.96" departLane="best" from="377044936#2" to="-330750483#1"/>
    <trip id="veh75" type="veh_passenger" depart="768.20" departLane="best" from="406069597#0" to="377045468"/>
    <trip id="veh77" type="veh_passenger" depart="788.69" departLane="best" from="377043810#0" to="360051161#0"/>
    <trip id="veh78" type="veh_passenger" depart="798.93" departLane="best" departSpeed="max" from="980735081#0" to="253047934#0"/>
    <trip id="veh79" type="veh_passenger" depart="809.17" departLane="best" departSpeed="max" from="193026212#0" to="1026172923"/>
    <trip id="veh80" type="veh_passenger" depart="819.42" departLane="best" from="360051161#0" to="193133879#1"/>
    <trip id="veh81" type="veh_passenger" depart="829.66" departLane="best" from="193026218#1" to="-468896810"/>
    <trip id="veh82" type="veh_passenger" depart="839.90" departLane="best" from="396378812#1" to="50783249#2"/>
    <trip id="veh83" type="veh_passenger" depart="850.14" departLane="best" from="-193026225#0" to="474821610"/>
    <trip id="veh84" type="veh_passenger" depart="860.39" departLane="best" from="232064217#4" to="-193026224#3"/>
    <trip id="veh85" type="veh_passenger" depart="870.63" departLane="best" from="990433207" to="458140049#0"/>
    <trip id="veh86" type="veh_passenger" depart="880.87" departLane="best" from="754719369#3" to="50783249#5"/>
    <trip id="veh87" type="veh_passenger" depart="891.11" departLane="best" from="465064352#0" to="-360051162"/>
    <trip id="veh88" type="veh_passenger" depart="901.36" departLane="best" departSpeed="max" from="193026212#0" to="-193026225#1"/>
    <trip id="veh89" type="veh_passenger" depart="911.60" departLane="best" from="1026172923" to="869553258#1"/>
    <trip id="veh90" type="veh_passenger" depart="921.84" departLane="best" from="-406069597#1" to="-396388573"/>
    <trip id="veh91" type="veh_passenger" depart="932.09" departLane="best" from="193132126" to="193030337#1"/>
    <trip id="veh92" type="veh_passenger" depart="942.33" departLane="best" from="754719368#0" to="986774344#0"/>
    <trip id="veh93" type="veh_passenger" depart="952.57" departLane="best" from="232064218#2" to="377043810#1"/>
    <trip id="veh94" type="veh_passenger" depart="962.81" departLane="best" from="-274631585#3" to="-50783249#7"/>
    <trip id="veh95" type="veh_passenger" depart="973.06" departLane="best" from="754719369#3" to="239921367#3"/>
    <trip id="veh96" type="veh_passenger" depart="983.30" departLane="best" from="232064217#1" to="396378806"/>
    <trip id="veh97" type="veh_passenger" depart="993.54" departLane="best" departSpeed="max" from="-193030335" to="253047825#3"/>
    <trip id="veh98" type="veh_passenger" depart="1003.78" departLane="best" from="204414168" to="468896811"/>
    <trip id="veh99" type="veh_passenger" depart="1014.03" departLane="best" from="274631586#1" to="58996886#1"/>
    <trip id="veh100" type="veh_passenger" depart="1024.27" departLane="best" departSpeed="max" from="193132131#2" to="-377044936#1"/>
    <trip id="veh101" type="veh_passenger" depart="1034.51" departLane="best" from="258524194#1" to="360051161#1"/>
    <trip id="veh102" type="veh_passenger" depart="1044.76" departLane="best" from="50301275#2" to="406078190"/>
    <trip id="veh103" type="veh_passenger" depart="1055.00" departLane="best" from="193026217#1" to="253047825#2"/>
    <trip id="veh104" type="veh_passenger" depart="1065.24" departLane="best" from="-231295695#1" to="543657958"/>
    <trip id="veh105" type="veh_passenger" depart="1075.48" departLane="best" from="-373419659" to="377043809#1"/>
    <trip id="veh106" type="veh_passenger" depart="1085.73" departLane="best" from="-396378808#2" to="193026220#1"/>
    <trip id="veh107" type="veh_passenger" depart="1095.97" departLane="best" from="-344153356#1" to="396388567#1"/>
    <trip id="veh108" type="veh_passenger" depart="1106.21" departLane="best" departSpeed="max" from="-50676756" to="396378808#0"/>
    <trip id="veh109" type="veh_passenger" depart="1116.45" departLane="best" from="193132128#1" to="-396378808#2"/>
    <trip id="veh110" type="veh_passenger" depart="1126.70" departLane="best" from="-406069597#1" to="-193026226#0"/>
    <trip id="veh111" type="veh_passenger" depart="1136.94" departLane="best" from="1026172920" to="-344153356#0"/>
    <trip id="veh112" type="veh_passenger" depart="1147.18" departLane="best" departSpeed="max" from="424816480" to="368091953"/>
    <trip id="veh113" type="veh_passenger" depart="1157.42" departLane="best" from="-274631586#0" to="-912503366#1"/>
    <trip id="veh114" type="veh_passenger" depart="1167.67" departLane="best" departSpeed="max" from="344153349" to="-193026210#3"/>
    <trip id="veh115" type="veh_passenger" depart="1177.91" departLane="best" from="406229215" to="396388567#1"/>
    <trip id="veh116" type="veh_passenger" depart="1188.15" departLane="best" departSpeed="max" from="344153349" to="547090203#0"/>
    <trip id="veh117" type="veh_passenger" depart="1198.40" departLane="best" from="-253047934#0" to="-274631584#5"/>
    <trip id="veh118" type="veh_passenger" depart="1208.64" departLane="best" departSpeed="max" from="-194491990" to="232064218#0"/>
    <trip id="veh119" type="veh_passenger" depart="1218.88" departLane="best" from="-406078191#1" to="-258524194#1"/>
    <trip id="veh121" type="veh_passenger" depart="1239.37" departLane="best" from="341783022#1" to="-424816480"/>
    <trip id="veh122" type="veh_passenger" depart="1249.61" departLane="best" from="193309353" to="50676753#0"/>
    <trip id="veh123" type="veh_passenger" depart="1259.85" departLane="best" from="458140049#0" to="-231295695#0"/>
    <trip id="veh124" type="veh_passenger" depart="1270.09" departLane="best" from="-193026218#2" to="471132227"/>
    <trip id="veh125" type="veh_passenger" depart="1280.34" departLane="best" from="341783023#1" to="-424816479"/>
    <trip id="veh126" type="veh_passenger" depart="1290.58" departLane="best" from="377045468" to="232064218#0"/>
    <trip id="veh127" type="veh_passenger" depart="1300.82" departLane="best" departSpeed="max" from="193026224#0" to="193026211#0"/>
    <trip id="veh128" type="veh_passenger" depart="1311.07" departLane="best" from="193132130" to="50301275#0"/>
    <trip id="veh129" type="veh_passenger" depart="1321.31" departLane="best" from="50676752#1" to="232064217#3"/>
    <trip id="veh130" type="veh_passenger" depart="1331.55" departLane="best" from="-274631584#4" to="-330750483#0"/>
    <trip id="veh132" type="veh_passenger" depart="1352.04" departLane="best" from="50676752#0" to="-396378808#0"/>
    <trip id="veh133" type="veh_passenger" depart="1362.28" departLane="best" from="-396378812#1" to="-253047934#3"/>
    <trip id="veh134" type="veh_passenger" depart="1372.52" departLane="best" from="396378811#1" to="50301275#1"/>
    <trip id="veh135" type="veh_passenger" depart="1382.76" departLane="best" from="193026212#2" to="274631586#0"/>
    <trip id="veh136" type="veh_passenger" depart="1393.01" departLane="best" from="-274631585#3" to="50783249#7"/>
    <trip id="veh137" type="veh_passenger" depart="1403.25" departLane="best" from="471132224" to="754719369#3"/>
    <trip id="veh138" type="veh_passenger" depart="1413.49" departLane="best" from="-406078188" to="50301275#0"/>
    <trip id="veh139" type="veh_passenger" depart="1423.73" departLane="best" from="-193026217#0" to="377045470#1"/>
    <trip id="veh140" type="veh_passenger" depart="1433.98" departLane="best" from="-543657957#0" to="-50783249#8"/>
    <trip id="veh141" type="veh_passenger" depart="1444.22" departLane="best" from="396378814" to="-259401636"/>
    <trip id="veh142" type="veh_passenger" depart="1454.46" departLane="best" from="-377045470#1" to="-406234080#0"/>
    <trip id="veh143" type="veh_passenger" depart="1464.71" departLane="best" departSpeed="max" from="193132128#0" to="-754719368#2"/>
    <trip id="veh144" type="veh_passenger" depart="1474.95" departLane="best" from="396388577#0" to="-396378813#1"/>
    <trip id="veh145" type="veh_passenger" depart="1485.19" departLane="best" from="-193026217#0" to="-377045469#1"/>
    <trip id="veh146" type="veh_passenger" depart="1495.43" departLane="best" from="50783249#7" to="474821610"/>
    <trip id="veh147" type="veh_passenger" depart="1505.68" departLane="best" from="754719369#2" to="-468896810"/>
    <trip id="veh148" type="veh_passenger" depart="1515.92" departLane="best" from="341783023#6" to="-193026224#3"/>
    <trip id="veh149" type="veh_passenger" depart="1526.16" departLane="best" departSpeed="max" from="980735081#0" to="231958642#2"/>
    <trip id="veh150" type="veh_passenger" depart="1536.40" departLane="best" from="554554486#0" to="-274631584#5"/>
    <trip id="veh151" type="veh_passenger" depart="1546.65" departLane="best" from="869553258#0" to="-377043811"/>
    <trip id="veh152" type="veh_passenger" depart="1556.89" departLane="best" departSpeed="max" from="-194491990" to="-193132128#1"/>
    <trip id="veh153" type="veh_passenger" depart="1567.13" departLane="best" from="377043810#0" to="-990433207"/>
    <trip id="veh154" type="veh_passenger" depart="1577.38" departLane="best" from="274631585#0" to="194491997"/>
    <trip id="veh155" type="veh_passenger" depart="1587.62" departLane="best" from="193026203#2" to="239921367#3"/>
    <trip id="veh156" type="veh_passenger" depart="1597.86" departLane="best" from="231958647#0" to="377043810#2"/>
    <trip id="veh157" type="veh_passenger" depart="1608.10" departLane="best" from="377045468" to="358563419#1"/>
    <trip id="veh158" type="veh_passenger" depart="1618.35" departLane="best" from="1026172919" to="-193132128#0"/>
    <trip id="veh159" type="veh_passenger" depart="1628.59" departLane="best" departSpeed="max" from="344153349" to="1026172920"/>
    <trip id="veh161" type="veh_passenger" depart="1649.07" departLane="best" from="505424841" to="-193026226#1"/>
    <trip id="veh162" type="veh_passenger" depart="1659.32" departLane="best" departSpeed="max" from="193026212#0" to="-50783249#6"/>
    <trip id="veh163" type="veh_passenger" depart="1669.56" departLane="best" from="554554486#0" to="360051162"/>
    <trip id="veh164" type="veh_passenger" depart="1679.80" departLane="best" from="50676752#1" to="-274631585#0"/>
    <trip id="veh165" type="veh_passenger" depart="1690.05" departLane="best" departSpeed="max" from="-499162427" to="232064217#3"/>
    <trip id="veh166" type="veh_passenger" depart="1700.29" departLane="best" from="193026206#0" to="-50783249#0"/>
    <trip id="veh167" type="veh_passenger" depart="1710.53" departLane="best" from="193026224#7" to="-396378808#2"/>
    <trip id="veh168" type="veh_passenger" depart="1720.77" departLane="best" from="396388577#0" to="362635565#2"/>
    <trip id="veh169" type="veh_passenger" depart="1731.02" departLane="best" from="341783022#1" to="1026172922"/>
    <trip id="veh170" type="veh_passenger" depart="1741.26" departLane="best" from="406229215" to="396378807#1"/>
    <trip id="veh171" type="veh_passenger" depart="1751.50" departLane="best" from="344153356#2" to="-396378812#2"/>
    <trip id="veh172" type="veh_passenger" depart="1761.74" departLane="best" from="364699454#1" to="-193026213#0"/>
    <trip id="veh173" type="veh_passenger" depart="1771.99" departLane="best" from="396378809#3" to="193269585"/>
    <trip id="veh174" type="veh_passenger" depart="1782.23" departLane="best" from="193026214#1" to="-330750483#5"/>
    <trip id="veh175" type="veh_passenger" depart="1792.47" departLane="best" from="-362635565#0" to="-424816479"/>
    <trip id="veh176" type="veh_passenger" depart="1802.71" departLane="best" from="193406092#2" to="406078189#0"/>
    <trip id="veh177" type="veh_passenger" depart="1812.96" departLane="best" departSpeed="max" from="344153349" to="-193026210#1"/>
    <trip id="veh178" type="veh_passenger" depart="1823.20" departLane="best" from="-377045470#3" to="-396378812#1"/>
    <trip id="veh180" type="veh_passenger" depart="1843.69" departLane="best" from="-341783023#7" to="503896685"/>
    <trip id="veh181" type="veh_passenger" depart="1853.93" departLane="best" departSpeed="max" from="231292994#0" to="-193026224#2"/>
    <trip id="veh182" type="veh_passenger" depart="1864.17" departLane="best" from="-396378812#1" to="465064352#2"/>
    <trip id="veh183" type="veh_passenger" depart="1874.41" departLane="best" from="193132127" to="396388579"/>
    <trip id="veh184" type="veh_passenger" depart="1884.66" departLane="best" from="344153351" to="-912503366#1"/>
    <trip id="veh185" type="veh_passenger" depart="1894.90" departLane="best" from="258524194#1" to="554554486#1"/>
    <trip id="veh186" type="veh_passenger" depart="1905.14" departLane="best" from="50301275#2" to="274631584#4"/>
    <trip id="veh188" type="veh_passenger" depart="1925.63" departLane="best" departSpeed="max" from="424816480" to="232064217#3"/>
    <trip id="veh189" type="veh_passenger" depart="1935.87" departLane="best" from="505424841" to="387154803#1"/>
    <trip id="veh191" type="veh_passenger" depart="1956.36" departLane="best" from="396378809#4" to="341783023#0"/>
    <trip id="veh192" type="veh_passenger" depart="1966.60" departLane="best" from="-330750483#5" to="-458003896"/>
    <trip id="veh193" type="veh_passenger" depart="1976.84" departLane="best" from="193132131#0" to="-505424841"/>
    <trip id="veh194" type="veh_passenger" depart="1987.08" departLane="best" from="-406078190" to="1026172917"/>
    <trip id="veh195" type="veh_passenger" depart="1997.33" departLane="best" from="232064217#0" to="-330750483#6"/>
    <trip id="veh197" type="veh_passenger" depart="2017.81" departLane="best" from="193026212#4" to="231958642#2"/>
    <trip id="veh199" type="veh_passenger" depart="2038.30" departLane="best" from="465064352#2" to="396378810"/>
    <trip id="veh200" type="veh_passenger" depart="2048.54" departLane="best" from="1228261602" to="-193026210#1"/>
    <trip id="veh201" type="veh_passenger" depart="2058.78" departLane="best" from="-912503366#1" to="396378808#1"/>
    <trip id="veh202" type="veh_passenger" depart="2069.02" departLane="best" from="193026217#1" to="-396378806"/>
    <trip id="veh203" type="veh_passenger" depart="2079.27" departLane="best" from="232064217#3" to="253047934#3"/>
    <trip id="veh204" type="veh_passenger" depart="2089.51" departLane="best" from="193026224#2" to="-193026214#1"/>
    <trip id="veh206" type="veh_passenger" depart="2110.00" departLane="best" departSpeed="max" from="193026212#0" to="-360051162"/>
    <trip id="veh207" type="veh_passenger" depart="2120.24" departLane="best" from="193132131#0" to="-330750483#0"/>
    <trip id="veh208" type="veh_passenger" depart="2130.48" departLane="best" from="330750483#1" to="-193026214#0"/>
    <trip id="veh209" type="veh_passenger" depart="2140.72" departLane="best" from="193026210#3" to="232064218#3"/>
    <trip id="veh211" type="veh_passenger" depart="2161.21" departLane="best" from="-193026225#1" to="193026217#0"/>
    <trip id="veh212" type="veh_passenger" depart="2171.45" departLane="best" from="377044936#0" to="1026172919"/>
    <trip id="veh213" type="veh_passenger" depart="2181.69" departLane="best" from="396378807#0" to="193026217#0"/>
    <trip id="veh214" type="veh_passenger" depart="2191.94" departLane="best" from="387154801#0" to="458003900"/>
    <trip id="veh215" type="veh_passenger" depart="2202.18" departLane="best" from="396378813#0" to="193309353"/>
    <trip id="veh216" type="veh_passenger" depart="2212.42" departLane="best" from="-193026214#0" to="232064217#0"/>
    <trip id="veh217" type="veh_passenger" depart="2222.67" departLane="best" from="990433207" to="192656813#1"/>
    <trip id="veh218" type="veh_passenger" depart="2232.91" departLane="best" from="344153342" to="396388565"/>
    <trip id="veh219" type="veh_passenger" depart="2243.15" departLane="best" departSpeed="max" from="344153349" to="396378808#1"/>
    <trip id="veh220" type="veh_passenger" depart="2253.39" departLane="best" from="554557929#0" to="387154801#0"/>
    <trip id="veh221" type="veh_passenger" depart="2263.64" departLane="best" from="-193026214#0" to="-344153333"/>
    <trip id="veh222" type="veh_passenger" depart="2273.88" departLane="best" departSpeed="max" from="-253047826" to="358563419#0"/>
    <trip id="veh223" type="veh_passenger" depart="2284.12" departLane="best" from="232064218#4" to="396378809#2"/>
    <trip id="veh224" type="veh_passenger" depart="2294.36" departLane="best" from="362635571" to="396378811#0"/>
    <trip id="veh225" type="veh_passenger" depart="2304.61" departLane="best" from="330750483#7" to="-259401636"/>
    <trip id="veh226" type="veh_passenger" depart="2314.85" departLane="best" from="-377045470#1" to="-274631584#5"/>
    <trip id="veh227" type="veh_passenger" depart="2325.09" departLane="best" from="406234080#0" to="754719368#1"/>
    <trip id="veh228" type="veh_passenger" depart="2335.33" departLane="best" departSpeed="max" from="-194491990" to="-193026213#1"/>
    <trip id="veh229" type="veh_passenger" depart="2345.58" departLane="best" departSpeed="max" from="-50676756" to="360051162"/>
    <trip id="veh230" type="veh_passenger" depart="2355.82" departLane="best" from="754719368#1" to="193026220#1"/>
    <trip id="veh232" type="veh_passenger" depart="2376.31" departLane="best" from="360935208#0" to="330750483#3"/>
    <trip id="veh233" type="veh_passenger" depart="2386.55" departLane="best" from="-194356983" to="-396378812#2"/>
    <trip id="veh234" type="veh_passenger" depart="2396.79" departLane="best" from="465064352#0" to="253047934#2"/>
    <trip id="veh235" type="veh_passenger" depart="2407.03" departLane="best" from="396378812#2" to="192656813#1"/>
    <trip id="veh236" type="veh_passenger" depart="2417.28" departLane="best" departSpeed="max" from="193026224#0" to="-193026212#5"/>
    <trip id="veh237" type="veh_passenger" depart="2427.52" departLane="best" from="50783248" to="1228261602"/>
    <trip id="veh238" type="veh_passenger" depart="2437.76" departLane="best" from="465064352#0" to="424816476#2"/>
    <trip id="veh239" type="veh_passenger" depart="2448.00" departLane="best" departSpeed="max" from="-194491990" to="58996886#1"/>
    <trip id="veh240" type="veh_passenger" depart="2458.25" departLane="best" from="364699454#4" to="193132130"/>
    <trip id="veh241" type="veh_passenger" depart="2468.49" departLane="best" from="231958647#0" to="193270187"/>
    <trip id="veh242" type="veh_passenger" depart="2478.73" departLane="best" from="193026224#2" to="377045468"/>
    <trip id="veh243" type="veh_passenger" depart="2488.98" departLane="best" departSpeed="max" from="424816480" to="-193406092#2"/>
    <trip id="veh244" type="veh_passenger" depart="2499.22" departLane="best" from="50013146#2" to="406078189#0"/>
    <trip id="veh245" type="veh_passenger" depart="2509.46" departLane="best" from="193132128#1" to="274631584#1"/>
    <trip id="veh246" type="veh_passenger" depart="2519.70" departLane="best" from="465064352#1" to="-377044933#1"/>
    <trip id="veh247" type="veh_passenger" depart="2529.95" departLane="best" from="377044936#0" to="396388577#1"/>
    <trip id="veh249" type="veh_passenger" depart="2550.43" departLane="best" from="193026211#0" to="554554486#1"/>
    <trip id="veh250" type="veh_passenger" depart="2560.67" departLane="best" from="-193132133" to="377043810#2"/>
    <trip id="veh251" type="veh_passenger" depart="2570.92" departLane="best" from="-193309353" to="-396378809#1"/>
    <trip id="veh252" type="veh_passenger" depart="2581.16" departLane="best" from="360935208#0" to="341783023#7"/>
    <trip id="veh253" type="veh_passenger" depart="2591.40" departLane="best" departSpeed="max" from="-193133879#1" to="-396378809#5"/>
    <trip id="veh254" type="veh_passenger" depart="2601.65" departLane="best" from="360935208#0" to="-754719368#3"/>
    <trip id="veh255" type="veh_passenger" depart="2611.89" departLane="best" from="253047825#2" to="193269585"/>
    <trip id="veh257" type="veh_passenger" depart="2632.37" departLane="best" from="377045470#0" to="1026172920"/>
    <trip id="veh258" type="veh_passenger" depart="2642.62" departLane="best" from="362635577" to="-455285855#0"/>
    <trip id="veh259" type="veh_passenger" depart="2652.86" departLane="best" from="396378812#2" to="274631586#0"/>
    <trip id="veh260" type="veh_passenger" depart="2663.10" departLane="best" from="-360051162" to="-274631585#3"/>
    <trip id="veh261" type="veh_passenger" depart="2673.34" departLane="best" from="232064217#1" to="396378809#3"/>
    <trip id="veh262" type="veh_passenger" depart="2683.59" departLane="best" from="468896811" to="396378809#1"/>
    <trip id="veh263" type="veh_passenger" depart="2693.83" departLane="best" from="193270187" to="377044933#2"/>
    <trip id="veh264" type="veh_passenger" depart="2704.07" departLane="best" from="912503366#2" to="-231295695#2"/>
    <trip id="veh265" type="veh_passenger" depart="2714.31" departLane="best" from="-424816476#3" to="-253047934#1"/>
    <trip id="veh266" type="veh_passenger" depart="2724.56" departLane="best" from="362635565#0" to="-396378813#1"/>
    <trip id="veh267" type="veh_passenger" depart="2734.80" departLane="best" from="-344153333" to="-193026212#0"/>
    <trip id="veh268" type="veh_passenger" depart="2745.04" departLane="best" from="912503366#0" to="232064218#0"/>
    <trip id="veh269" type="veh_passenger" depart="2755.29" departLane="best" from="362635565#4" to="-330750483#0"/>
    <trip id="veh270" type="veh_passenger" depart="2765.53" departLane="best" from="349367691" to="193325340"/>
    <trip id="veh271" type="veh_passenger" depart="2775.77" departLane="best" from="193132131#2" to="193132133"/>
    <trip id="veh272" type="veh_passenger" depart="2786.01" departLane="best" from="-344153355#0" to="-193026224#3"/>
    <trip id="veh273" type="veh_passenger" depart="2796.26" departLane="best" from="554554486#0" to="193270185#0"/>
    <trip id="veh274" type="veh_passenger" depart="2806.50" departLane="best" from="193132128#1" to="330750483#5"/>
    <trip id="veh275" type="veh_passenger" depart="2816.74" departLane="best" from="193026226#1" to="341783023#7"/>
    <trip id="veh276" type="veh_passenger" depart="2826.98" departLane="best" from="232064218#3" to="-754719368#1"/>
    <trip id="veh277" type="veh_passenger" depart="2837.23" departLane="best" from="986774344#0" to="-274631585#1"/>
    <trip id="veh278" type="veh_passenger" depart="2847.47" departLane="best" from="396378808#1" to="-259401636"/>
    <trip id="veh279" type="veh_passenger" depart="2857.71" departLane="best" from="-396388565" to="-396378812#2"/>
    <trip id="veh281" type="veh_passenger" depart="2878.20" departLane="best" from="-193026225#0" to="474643000#1"/>
    <trip id="veh282" type="veh_passenger" depart="2888.44" departLane="best" departSpeed="max" from="980735081#0" to="-754719368#2"/>
    <trip id="veh283" type="veh_passenger" depart="2898.68" departLane="best" departSpeed="max" from="330750483#0" to="274631584#1"/>
    <trip id="veh284" type="veh_passenger" depart="2908.93" departLane="best" from="377044936#2" to="554554486#0"/>
    <trip id="veh285" type="veh_passenger" depart="2919.17" departLane="best" from="-377044933#0" to="396378808#1"/>
    <trip id="veh286" type="veh_passenger" depart="2929.41" departLane="best" departSpeed="max" from="344153349" to="-344153355#0"/>
    <trip id="veh288" type="veh_passenger" depart="2949.90" departLane="best" from="-253047934#3" to="-50783249#3"/>
    <trip id="veh289" type="veh_passenger" depart="2960.14" departLane="best" from="-396378806" to="368091971"/>
    <trip id="veh291" type="veh_passenger" depart="2980.62" departLane="best" from="360051161#1" to="-50783249#2"/>
    <trip id="veh292" type="veh_passenger" depart="2990.87" departLane="best" from="396388562" to="330750483#1"/>
    <trip id="veh293" type="veh_passenger" depart="3001.11" departLane="best" departSpeed="max" from="344153349" to="-193026226#0"/>
    <trip id="veh294" type="veh_passenger" depart="3011.35" departLane="best" from="193026220#0" to="231958642#2"/>
    <trip id="veh295" type="veh_passenger" depart="3021.60" departLane="best" from="424816476#3" to="-193132128#0"/>
    <trip id="veh296" type="veh_passenger" depart="3031.84" departLane="best" from="377045470#2" to="-239630752"/>
    <trip id="veh297" type="veh_passenger" depart="3042.08" departLane="best" from="360051162" to="368091950#0"/>
    <trip id="veh298" type="veh_passenger" depart="3052.32" departLane="best" from="554554486#1" to="194491990"/>
    <trip id="veh299" type="veh_passenger" depart="3062.57" departLane="best" from="-193026220#1" to="193132126"/>
    <trip id="veh300" type="veh_passenger" depart="3072.81" departLane="best" from="-50783249#2" to="-406234080#0"/>
    <trip id="veh302" type="veh_passenger" depart="3093.29" departLane="best" departSpeed="max" from="424816480" to="239921367#2"/>
    <trip id="veh303" type="veh_passenger" depart="3103.54" departLane="best" from="-193026220#1" to="-396378808#2"/>
    <trip id="veh304" type="veh_passenger" depart="3113.78" departLane="best" from="193132133" to="-344153341"/>
    <trip id="veh305" type="veh_passenger" depart="3124.02" departLane="best" from="50783249#1" to="377044933#1"/>
    <trip id="veh306" type="veh_passenger" depart="3134.27" departLane="best" from="253047825#4" to="341783022#1"/>
    <trip id="veh307" type="veh_passenger" depart="3144.51" departLane="best" from="193325340" to="-200006959"/>
    <trip id="veh308" type="veh_passenger" depart="3154.75" departLane="best" departSpeed="max" from="-868802299" to="1026172921"/>
    <trip id="veh309" type="veh_passenger" depart="3164.99" departLane="best" from="344153355#0" to="474643000#1"/>
    <trip id="veh310" type="veh_passenger" depart="3175.24" departLane="best" from="-50783249#8" to="-364699454#1"/>
    <trip id="veh311" type="veh_passenger" depart="3185.48" departLane="best" from="-424816479" to="554554486#0"/>
    <trip id="veh312" type="veh_passenger" depart="3195.72" departLane="best" from="-406078190" to="231958642#1"/>
    <trip id="veh313" type="veh_passenger" depart="3205.96" departLane="best" from="193132126" to="-990433207"/>
    <trip id="veh314" type="veh_passenger" depart="3216.21" departLane="best" from="-50783249#2" to="754719368#4"/>
    <trip id="veh315" type="veh_passenger" depart="3226.45" departLane="best" departSpeed="max" from="193026212#0" to="543657958"/>
    <trip id="veh316" type="veh_passenger" depart="3236.69" departLane="best" departSpeed="max" from="980735081#0" to="-344153355#0"/>
    <trip id="veh317" type="veh_passenger" depart="3246.94" departLane="best" from="232064217#1" to="193030335"/>
    <trip id="veh318" type="veh_passenger" depart="3257.18" departLane="best" from="344153356#2" to="193026210#2"/>
    <trip id="veh319" type="veh_passenger" depart="3267.42" departLane="best" from="396378807#0" to="-387154803#1"/>
    <trip id="veh320" type="veh_passenger" depart="3277.66" departLane="best" from="232064217#4" to="-50783249#6"/>
    <trip id="veh321" type="veh_passenger" depart="3287.91" departLane="best" from="193026224#4" to="368091925"/>
    <trip id="veh322" type="veh_passenger" depart="3298.15" departLane="best" from="231295695#0" to="754719369#1"/>
    <trip id="veh323" type="veh_passenger" depart="3308.39" departLane="best" from="-274631585#1" to="-406069597#1"/>
    <trip id="veh324" type="veh_passenger" depart="3318.63" departLane="best" from="274631586#2" to="231958642#1"/>
    <trip id="veh325" type="veh_passenger" depart="3328.88" departLane="best" from="232064218#0" to="-231295695#0"/>
    <trip id="veh326" type="veh_passenger" depart="3339.12" departLane="best" departSpeed="max" from="980735081#0" to="50676756"/>
    <trip id="veh327" type="veh_passenger" depart="3349.36" departLane="best" departSpeed="max" from="193132128#0" to="-274631585#1"/>
    <trip id="veh328" type="veh_passenger" depart="3359.60" departLane="best" departSpeed="max" from="424816480" to="-194356983"/>
    <trip id="veh330" type="veh_passenger" depart="3380.09" departLane="best" from="-406078191#1" to="458140049#0"/>
    <trip id="veh331" type="veh_passenger" depart="3390.33" departLane="best" departSpeed="max" from="980735081#0" to="406078189#0"/>
    <trip id="veh332" type="veh_passenger" depart="3400.58" departLane="best" from="232064218#0" to="193026218#1"/>
    <trip id="veh333" type="veh_passenger" depart="3410.82" departLane="best" from="-50783249#6" to="194491997"/>
    <trip id="veh334" type="veh_passenger" depart="3421.06" departLane="best" from="406234080#0" to="396388575"/>
    <trip id="veh335" type="veh_passenger" depart="3431.30" departLane="best" from="-193026214#1" to="-193026226#0"/>
    <trip id="veh336" type="veh_passenger" depart="3441.55" departLane="best" departSpeed="max" from="231292994#0" to="424816476#1"/>
    <trip id="veh337" type="veh_passenger" depart="3451.79" departLane="best" from="-424816476#3" to="50783249#8"/>
    <trip id="veh338" type="veh_passenger" depart="3462.03" departLane="best" from="253047825#5" to="-990433207"/>
    <trip id="veh339" type="veh_passenger" depart="3472.27" departLane="best" from="-193325339" to="341783023#7"/>
    <trip id="veh340" type="veh_passenger" depart="3482.52" departLane="best" from="231958647#0" to="192656813#1"/>
    <trip id="veh341" type="veh_passenger" depart="3492.76" departLane="best" from="193132127" to="1026172918"/>
    <trip id="veh342" type="veh_passenger" depart="3503.00" departLane="best" from="-344153356#2" to="368091925"/>
    <trip id="veh343" type="veh_passenger" depart="3513.25" departLane="best" from="396378809#5" to="-193026224#0"/>
    <trip id="veh344" type="veh_passenger" depart="3523.49" departLane="best" from="377045469#1" to="368091953"/>
    <trip id="veh345" type="veh_passenger" depart="3533.73" departLane="best" departSpeed="max" from="344153349" to="424816476#1"/>
    <trip id="veh346" type="veh_passenger" depart="3543.97" departLane="best" departSpeed="max" from="980735081#0" to="194350650#0"/>
    <trip id="veh347" type="veh_passenger" depart="3554.22" departLane="best" departSpeed="max" from="-193026219" to="194491990"/>
    <trip id="veh348" type="veh_passenger" depart="3564.46" departLane="best" from="499162428" to="193132133"/>
    <trip id="veh350" type="veh_passenger" depart="3584.94" departLane="best" from="-373419659" to="193026228"/>
    <trip id="veh351" type="veh_passenger" depart="3595.19" departLane="best" from="193132131#2" to="754719368#4"/>
</routes>
