<?xml version="1.0" encoding="UTF-8"?>
<project-private xmlns="http://www.netbeans.org/ns/project-private/1">
    <editor-bookmarks xmlns="http://www.netbeans.org/ns/editor-bookmarks/2" lastBookmarkId="0"/>
    <open-files xmlns="http://www.netbeans.org/ns/projectui-open-files/2">
        <group>
            <file>file:/C:/Users/podes/Downloads/LabirintoAvaliacao/LabirintoAvaliacao/src/Main/Interface.java</file>
            <file>file:/C:/Users/podes/Downloads/LabirintoAvaliacao/LabirintoAvaliacao/src/MetodosBusca/Guloso.java</file>
            <file>file:/C:/Users/podes/Downloads/LabirintoAvaliacao/LabirintoAvaliacao/src/Main/LabirintoAvaliacao.java</file>
            <file>file:/C:/Users/podes/Downloads/LabirintoAvaliacao/LabirintoAvaliacao/src/MetodosBusca/Buscas.java</file>
        </group>
    </open-files>
</project-private>
