<?xml version="1.0" encoding="UTF-8"?>
<project-private xmlns="http://www.netbeans.org/ns/project-private/1">
    <editor-bookmarks xmlns="http://www.netbeans.org/ns/editor-bookmarks/2" lastBookmarkId="0"/>
    <open-files xmlns="http://www.netbeans.org/ns/projectui-open-files/2">
        <group>
            <file>file:/C:/Users/podes/Documents/NetBeansProjects/Mercado/src/mercado/Main.java</file>
            <file>file:/C:/Users/podes/Documents/NetBeansProjects/Mercado/src/mercado/InterfaceProdutos.java</file>
            <file>file:/C:/Users/podes/Documents/NetBeansProjects/Mercado/src/DAO/ProdutoDAO.java</file>
            <file>file:/C:/Users/podes/Documents/NetBeansProjects/Mercado/src/DAO/CategoriaDAO.java</file>
            <file>file:/C:/Users/podes/Documents/NetBeansProjects/Mercado/src/mercado/Produto.java</file>
            <file>file:/C:/Users/podes/Documents/NetBeansProjects/Mercado/src/mercado/Categoria.java</file>
            <file>file:/C:/Users/podes/Documents/NetBeansProjects/Mercado/src/mercado/InterfaceMercado.java</file>
        </group>
    </open-files>
</project-private>
